_uuid,_id,_index_repeat,type_tombe_fetiche,superficie_ou_unite_tombe,localisation_dans_concession,description_remarques_tombe,vu_applique_fcfa_tombe,comp_base_fcfa_tombe
5873ec73-279f-487d-8b9c-7c9d294bc9a5,816350178,1,amenagee,4,Oui,Présence de 04 tombes avec Pierre tombale et 01 tombe sans pierre tombale ,,
e675f6b2-43f2-46be-bce8-1bc879accafa,816360574,2,amenagee,3,A coté de la route,Les tombes sont partiellement amenagé,,
5c8efbcb-b16c-4097-b9dc-29d1c40e0c63,816361238,3,amenagee,14.44,,,,
6153124a-a4f2-40fa-9f0c-22c2827d1238,818726584,4,amenagee,14.08,Oui,Les tombes sont très bien ammenagé et elles sont trois,,
42a92a64-60ab-4d6e-a84d-40762316f7ae,819887456,5,amenagee,22,Dans la concession,12 tombes non amenagés et 10 tombes amenagés dont deux avec pière tombale,,
6b40bc44-0328-4701-9f07-89d7b28641b7,819889750,6,amenagee,11.12,Devant la maison,2 tombes aménagées,,
6b40bc44-0328-4701-9f07-89d7b28641b7,819889750,7,amenagee,11.12,Devant la maison,,,
3682aa16-2a64-4930-8d18-2156fff5bcf9,820868634,8,amenagee,9,Derrière ,"Caveau familial avec une dizaines de tombes dont, 9 aménagées",,
6f59ddb4-c04e-4c69-b4f6-ee27f9765466,826721074,9,amenagee,3,Hors,Carrelées,,
6f59ddb4-c04e-4c69-b4f6-ee27f9765466,826721074,10,non_amenagee,2,Hors,A materaliser pour visibilité ,,
d94ce7c7-2775-4d0d-bcdf-b5d3118291f4,829191769,11,amenagee,,,04 tombes dont 01 bâtie et 03 non aménagés,,
35b55936-2b71-478c-a1bc-e12ea6d8380a,830887667,12,amenagee,1,,,,
220c3e14-2937-4914-8ba4-4907c1bcf368,832392790,13,amenagee,8,En face de la maison et aux extrémités gauche et droite ,5 des 8 tombes sont dans l'emprise ,,
7fc363dc-7061-4c1a-b3e3-43efba45ebc0,832395017,14,amenagee,5,En face du domicile ,Les tombes sont toutes dans l'emprise de la route,,
060a9119-9703-458c-baa4-adea6c1afca1,833419759,15,amenagee,1,Non loin de la concession,3 tombes non amenagés et 1 bien ammenagé,,
01b76411-5650-4e59-9d39-4f8434d58748,833421180,16,amenagee,11,A coté de la concession ,3 tombes amenagés et 8 non amenagés ,,
3870c874-537a-4a7d-94ee-e5ec3cab75b2,833426174,17,amenagee,3,En face du domicile ,,,
972d35d7-3ff3-4987-b290-44e3c645567f,833427652,18,non_amenagee,1,A l'extrémité gauche du logement ,,,
62cda66c-0112-4f27-a33a-a3c88490aa3c,833431661,19,amenagee,4,À  droite ,Bien aménagée ,,
62cda66c-0112-4f27-a33a-a3c88490aa3c,833431661,20,amenagee,,,,,
24491988-e880-4c57-858d-183b5e375160,833638108,21,amenagee,,,06 tombes marquées dont 01 aménagée et 03 sûrement impacté ,,
24491988-e880-4c57-858d-183b5e375160,833638108,22,non_amenagee,,,05 tombes dont 03 sûrement impactées,,
d70c1f22-ee4d-4c00-824e-92e9c78d80bf,835741473,23,amenagee,5,,Présence de 5 tombes dont 1 seule aménagée,,
8b612a44-23e7-4908-bc4a-eb74ee60e1e0,835761436,24,non_amenagee,3,À côté de la maison principale ,Tombes non aménagées et plantes témoins ,,
39a96ea7-008f-46bf-ae07-cc209bf76b7e,835764683,25,non_amenagee,5,Oui,05 non aménagées dont 04 non matérialisées ,,
b3dd0716-72ec-4e73-b9ea-c26772b48e20,836848087,26,amenagee,,,,,
99f7574d-e3ca-43c7-90be-f870f17875cd,836850189,27,amenagee,,Devant la maison ,03 tombes dont 01 aménagée ,,
4cca30c7-613f-48dd-98e8-360f58ced850,836851848,28,non_amenagee,1,,Non aménagée mais matérialisée,,
ff2d52ac-ade6-4c86-8584-ff2a1328ae26,836857524,29,amenagee,4,A coté de la concession,4 tombes amenagés,,
dcda95ac-5ce6-4120-8465-b382e43f70ab,838062315,30,amenagee,7,Dans la parcelle impactée ,Présence de 7 tombes dont 2 aménagées ,,
26f79dee-56d8-4d7c-baba-505e15ea7495,838066712,31,amenagee,14,,09 impactées ,,
26f79dee-56d8-4d7c-baba-505e15ea7495,838066712,32,non_amenagee,2,,02 impactées ,,
26f79dee-56d8-4d7c-baba-505e15ea7495,838066712,33,amenagee,9,,,,
26f79dee-56d8-4d7c-baba-505e15ea7495,838066712,34,non_amenagee,2,,,,
5e85ab88-774f-42ed-885a-795b9fc7a55c,840177286,35,amenagee,9,À l'extrémité droite de la concession et en face de la parcelle ,"Des 9 tombes, 3 sont aménagées et 6 non aménagées",,
23745832-16c6-47da-befe-a3922a4edce6,840178433,36,non_amenagee,1,Dans la cours ,Tombes légèrement hors d'emprise ,,
6e1c4579-3021-4729-9707-2713bef11f4f,840180352,37,amenagee,,Devant la maison,1 tombe aménagée  et une tombe  non aménagée,,
6e1c4579-3021-4729-9707-2713bef11f4f,840180352,38,amenagee,,,,,
c4cd07a1-b2d5-4c4f-aae1-2a5a4811ceeb,840180845,39,amenagee,3,A droite de la maison principale ,3 tombes aménagées ,,
34a07511-26f4-4abd-9390-b79ba3fb400c,843176636,40,amenagee,2,En face de la bâtis ,"2 tombes, toutes aménagées ",,
963cc1df-8343-4aba-8e2d-c398a8f1f33d,844703817,41,amenagee,3,En face de la concession ,1 des 3 tombes est dans l'emprise ,,
ed67ff99-25bb-4af2-9075-c87cf19aaaa4,845453794,42,amenagee,2,Devant la cuisine ,Aménagée  avec les carreaux et le bétons ,,
ed67ff99-25bb-4af2-9075-c87cf19aaaa4,845453794,43,amenagee,2,Devant la concession ,Carreaux et béton ,,
ed1eaf1e-e733-4264-93cf-c5dc690b24e0,845454156,44,amenagee,2,Devant la concession,Il ya 5 tombes au totale et deux amenagés,,
54fcc839-b0c2-4c6c-9b10-379ab381f2a2,846443122,45,amenagee,1,Derriere la Concession ,Il ya 9 tombes impactés mais une amenagés ,,
64cac564-e2ec-47a0-a648-cbdd33f96787,847393593,46,amenagee,2,,,,
f5dfcac1-56df-49a9-ad40-0146fdb167c9,848528718,47,amenagee,42,Caveau familial non loin de la concession,6 tombes Aménagées et 36 non Aménagées et identifiées,,
cf04baab-39b4-4347-b065-dac64aa07408,848532335,48,amenagee,3,Dans la cours ,2 des 3 tombes sont aménagées ,,
ee24d6ce-7a1a-4dce-916a-d1a0362a1514,848533908,49,amenagee,1,,,,
9a66aab8-e98f-4f33-9fe6-1f7b33d02571,851780214,50,amenagee,3,En face de la concession ,,,
fc0d1575-0402-4d99-9c2f-541298f50a10,855837744,51,amenagee,40.47,Pk32+940D,Mausolée de 06 tombes ,,
a89bff1c-1c83-43c4-a238-f78f083b03c5,858036308,52,amenagee,1,Devant la concession,1 tombe aménagée,,
f316f1ba-be6b-4aed-9d24-af3e7cbe09c2,860193420,53,non_amenagee,3,À l'extrémité droite de la concession ,,,
2a317670-0f37-43a5-9d2a-515f88089db8,861143842,54,amenagee,,Derrière la maison impactée et donc non impactées,,,
e1478ac8-3dca-426b-b124-fe34e6b4f172,861144927,55,non_amenagee,1,,,,
bf4f1f4b-3185-40da-b1dc-da1c17f7760d,862152100,56,non_amenagee,2,Dans la cours ,,,
f7992fbc-1049-4103-b80d-e43f24c432c3,862154774,57,amenagee,4,Devant la concession ,4 tombes amenagés ,,
08511144-0606-4b80-bdee-2b00d151cd8b,863115300,58,element_sacre,18.8,Village ,Stelle KEZA EVINA MINKO créateur du village avec 178 femmes,,
21f60786-9260-4b81-a363-01cd5dc239cf,863390149,59,amenagee,2,Arrière de la maison ,,,
21f60786-9260-4b81-a363-01cd5dc239cf,863390149,60,non_amenagee,3,Arrière maison,,,
e67cdaf4-574e-40e4-8536-136bd8c1f6cb,864478490,61,amenagee,1,Devant la concession ,Une tombe aménagée ,,
b8ec0912-c8ef-4bee-9200-550ec9a94944,865520897,62,non_amenagee,2,Devant la concession ,Tombes de la maman et de la sœur du PAP ,,
90528fd9-3db3-4519-ab59-2d48ad71b91d,867674933,63,amenagee,2,Non loin de la concession,2 tombes amenagés,,
8c0de696-fbf1-4edc-868d-54a220e00a16,869280675,64,amenagee,3.02,,,,
5d73c040-a349-4b80-b0a8-84f87a037324,870096267,65,amenagee,4.76,Derriere la Concession,1 tombes amenagés avec carreaux,,
5d73c040-a349-4b80-b0a8-84f87a037324,870096267,66,element_sacre,0,null part,,,
21a8a126-b34f-46a6-aff6-e94b8f4b5b42,870102363,67,amenagee,17.4,Devant la concession ,3 tombes amenagés ,,
0b88840d-be2b-4eed-89c2-e2424eece5ad,870127942,68,non_amenagee,5,À l'arrière du domicile ,,,
3de337da-56a9-4468-9cfd-9dfaeebbe0a7,871297901,69,amenagee,6.08,Derriere la Concession,16 tombes et une tombe amenagé ( Cimenté),,
39ee6a3c-58de-431d-ba7c-a180a1c1cf4f,871410669,70,non_amenagee,4,,,,
5d2815e2-3093-43e1-85ed-bb2a64341b9d,871427380,71,amenagee,3.75,Derriere la Concession ,Une tombe amenagé en Carreaux,,
57fbe448-5e95-4e57-930f-2f1effcb0958,871428106,72,amenagee,46.8,A coté de la concession,Un carveau Familiale ( 5 tombes amenagés).,,
d24750f4-a54f-44d2-a5c8-0e1cfaf6cb8b,871476745,73,amenagee,5.1,Derrière  la maison,,,
d8eb27e8-e273-4c8f-b105-96c8395393a7,871478077,74,amenagee,16.065,Devant la maison,"2 en Pierre tombale en marbre 
1 une carreaux  
1 en parpaings  coulés",,
065725e7-63bb-48d3-b211-76e0f9f7f343,871479012,75,amenagee,12.2,Derrière  la concession ,Les tombes sont justes construites en ciment ,,
3c9871c0-de56-4aa4-8b88-4b6d8f47e41e,872226485,76,non_amenagee,30,Dans le caveau familial ,Succession de 5 tombes non aménagées situées dans l'emprise ,,
e5294094-2df5-4f3b-80c8-9636a59a6093,872431372,77,amenagee,5.51,Devant la concession ,Une tombe amenagé (Cimenté) ,,
5640b199-402c-4916-956d-24c4e8f44031,875371626,78,amenagee,0.75,En face de la concession,Tombes amenagés  (Cimenté),,
600aa575-f59a-48d2-8723-dbbaf4eb832e,875400092,79,non_amenagee,6,À l'entrée de la parcelle,Ancienne tombe,,
178c6cf4-29e9-457f-adc4-16989487a24f,876571912,80,amenagee,12.48,Pk37+360,,,
51e38cb1-5bef-49ee-91bc-a543ac78e63d,876572423,81,amenagee,3.24,,,,
cb55d421-1d6a-4e99-9b4a-e6b27f31d23a,876595386,82,amenagee,6.12,Devant la concession,1 tombes amenagés (Cimenté),,
af09ac2a-55fd-4465-baa3-6ada68166ce8,876726984,83,amenagee,4.7,Derrière  la maison,Tombe aménagée  en ciment,,
9077a6dd-4422-4726-afb9-3913e0afb40d,878172751,84,non_amenagee,2,Derrière  la maison,,,
fdfb43ea-5a43-42a1-b739-a641cd4190c3,878459950,85,amenagee,16,Devant la concession ,6 tombes bien amenagés en Carreaux ( 16 Metres Quaré),,
145e1abd-1cc3-4cd4-aed5-fec743a88b50,878499484,86,non_amenagee,12,Derrière la concession ,4 tombes non Aménagées de 3 mètres carrés chacune pour un total de 12 mètres carrés ,,
