_uuid,_id,_index_repeat,nom_conjoint,activite_principale_conjoint,activite_secondaire_conjoint,revenu_mensuel_conjoint,jours_travail_conjoint,nb_employes_conjoint,revenu_moyen_journalier_conjoint,salaire_personnel_conjoint
5873ec73-279f-487d-8b9c-7c9d294bc9a5,816350178,1,OTYE Brigitte Epse MVONDO,Agriculture ,Commerce ,50000,5,,7500,
b9f16302-4d8f-478a-bc87-4afb2a17b1e0,816352371,2,Ntyam Ndongo Brigitte ,Agriculture ,,50000,6,,1500,
6153124a-a4f2-40fa-9f0c-22c2827d1238,818726584,3,Nken Danielle,Commerce,,300000,7,,10000,
6153124a-a4f2-40fa-9f0c-22c2827d1238,818726584,4,Enanga Christelle,Commerce,,30000,,,1000,
8d5d6dc7-c5bc-4c3a-9b27-88a370daeb6c,819887508,5,BIKA Bilo'o,Agriculture,,20000,6,,1500,
39f608f9-f3b8-43a1-9ae0-1d46996ebcab,819888740,6,Mme NSOUTOU Epse ABESSOLO Marcelline ,Agriculture ,Commerce ,50000,5,,2500,
ed52765d-4d0b-4941-bb78-37ec7ed910a9,820870572,7,ANDONG Clarisse ,Cultivatrice ,,15000,5,,,
1206cb80-1122-4452-8794-119409b17197,820871469,8,MEYONG Jovanie,Coiffeuse,,50000,6,,,
265008b5-0437-49d1-8367-308a740136c6,821609792,9,BILO'O EKOM Francelle ,Agriculture ,,30000,6,,1000,
c5ba3583-ada6-453e-b82d-59e179329bec,821685093,10,Bilo'o Regine,Agriculture ,,35000,1250,,,
bbaeace2-cf71-4f72-83b4-1940318da50d,824039305,11,Cultivatrice ,,,40000,6,,,
4b032ecf-b072-442d-9f73-fe35536cf6bf,830163237,12,Nyenge Jean Marie,Agriculture ,,50000,5,,1500,
7fc363dc-7061-4c1a-b3e3-43efba45ebc0,832395017,13,AFOM EZOM Jinette ,Cultivatrice ,Commerce ,50000,6,,,
78c0ba6b-21e9-441b-a7ce-2b4a19b59a5f,832465226,14,ADJABE MVONDO Arlette ,Agriculture ,Petit commerce ,35000,5,,1500,
a22353aa-7b02-4eea-af93-63686f9aef11,833420717,15,Etem Nleme Belinga Epse Mengue ,Commerce ,,100000,7,,,
c66ab9f3-bd68-4daf-9160-2700e83cd42f,833420954,16,Zanga Adjomo Marceline,Ensiengnante,,210000,6,,,
3870c874-537a-4a7d-94ee-e5ec3cab75b2,833426174,17,NTOLO Aimée Nadine ,Cultivatrice ,,100000,6,,,
1bec8fe0-e9c5-4432-82b0-e5d3f36deea1,833428215,18,NTOLO TYA MYRIAM ODILE ,Cultivatrice ,,,,,,
bef4e1ef-afeb-42fc-9574-4c05274e2a3a,835740810,19,Ella Mengue Jeannine ,Agriculture ,,50000,5,,,
67f33bb1-cc83-47cc-969a-fc6307058726,835741922,20,ZE BÉATRICE,Agricultrice,,40000,5,,,
730785c9-fde4-4648-8db7-d9991439b570,835743272,21,MFOULA CARINE MICHELLE Epse MBARGA ,Couturière ,Aide soignante ,60000,6,,,
6f871b30-66ac-4f62-b013-d95e0447c771,835749041,22,Zamedjo mfou'ou,Agriculture,,100000,6,,,
5e85ab88-774f-42ed-885a-795b9fc7a55c,840177286,23,ADA LUCIE CLARISSE,Agricultrice,,20000,5,,,
31c5500f-b3db-4d82-bae5-5a8fb3178620,842159320,24,ANDEME ZOMBO Sidonie,Agriculture,,25000,6,,,
68c5a1a9-3e39-48f9-a1be-28cd03a44f4b,855831014,25,MBENGONE SALOMÉ ,Cultivatrice ,,40000,6,,,
742aba37-8f0f-4b8d-9f60-9d6faad9a696,858031878,26,LIMA Blondine,Agriculture ,,25000,6,,,
d9a61d1c-0d88-4951-a75f-124dab867597,858041205,27,NKOUSSE'E LOÏSE MIREILLE ,Commerçante ,Cultivatrice ,60000,5,,,
1cb628ff-6621-43b7-8150-f15761bebe6b,860192834,28,MEZE'E ESSAM NICAISE ,Commerçante ,Cultivatrice ,180000,5,,,
f316f1ba-be6b-4aed-9d24-af3e7cbe09c2,860193420,29,AVOULOU ESSA DIBI CLAUDINE,Cultivatrice ,133000,,,,,
bf4f1f4b-3185-40da-b1dc-da1c17f7760d,862152100,30,AFANE GHISLAINE LAURE,Cultivatrice ,,,,,,
cb369064-a9e6-48b2-acfe-e318f6fd2348,864680981,31,AVEZOA MADELEINE HORTENSE ,Cadre à la retraite ,,25000,5,,,
88f90536-c5e2-4495-b1d7-2c623c6e9318,870121885,32,ZEUTSA SONFACK YADINISSA,Cultivatrice ,Commerçante ,30000,6,,,
47e67f7f-eb05-4108-ad60-e00aaa6cd1c7,870125699,33,ESSI JEANNE ANNIE ,Couturière ,,,,,,
0b88840d-be2b-4eed-89c2-e2424eece5ad,870127942,34,ADJABE YVETTE CATHERINE,Cultivatrice,,15000,6,,,
68cb1b49-5d49-47a7-98a7-0a0363033f76,878459311,35,Nyate ANGO Angeline ,Commerce ,,35000,5,,,
c9a79d2f-6623-4952-b5f8-40c61144aa41,878496746,36,MBENGONE MVELE MIMOSSE,Cultivatrice ,,80000,6,,,
