_uuid,_id,_index_repeat,nom_enfant,activite_principale_enfant,activite_secondaire_enfant,revenu_mensuel_enfant,jours_travail_enfant,nb_employes_enfant,revenu_moyen_journalier_enfant,salaire_personnel_enfant
7dbe53ff-6616-47f6-a782-b91cebbd9987,816353401,1,MEFOH NDO Jacques ,Agriculture ,,50000,7,,,
cc9bd40b-5ae4-49d7-9432-8f1ff41f3ead,816354414,2,ENDONDOM AVA RODRIGUE,Fonctionnaire de police,,180000,,,,
cc9bd40b-5ae4-49d7-9432-8f1ff41f3ead,816354414,3,MINSILI AVA ,Cadre de la fonction publique ,,250000,,,,
cc9bd40b-5ae4-49d7-9432-8f1ff41f3ead,816354414,4,BISSA AVA Edith,Contractuelle d'administration ,,150000,,,,
ed52765d-4d0b-4941-bb78-37ec7ed910a9,820870572,5,MPIANDI Brice,Maçon ,,50000,6,,,
ace317ae-3275-47c3-96f7-1cbad26c1075,851780336,6,MENGUELE Bruno ,Agriculture ,Chasse contrôlée ,,6,,,
d9a61d1c-0d88-4951-a75f-124dab867597,858041205,7,MEKA ABESSOLO FERDINAND ,Scieur,Cultivateur ,250000,6,,,
d31577d2-f494-46fa-9a03-15efe55bcd37,864465134,8,EBIAE BETI Albert Cyril ,Agriculture ,,,,,,
d31577d2-f494-46fa-9a03-15efe55bcd37,864465134,9,EYENGA Marian Camille ,Agriculture ,,,,,,
cb369064-a9e6-48b2-acfe-e318f6fd2348,864680981,10,NNA MIREILLE NADINE ,Cadre à la SSCC,,400000,5,,,
